{
    "camera-calibration":{
        "DL":[
            [
                -0.0025225754361599684,
                0.004385657142847776,
                0.0,
                0.0,
                9.215007594320923e-05
            ]
        ],
        "DR":[
            [
                -0.0032630646601319313,
                0.005700086709111929,
                0.0,
                0.0,
                7.573228504043072e-05
            ]
        ],
        "KL":[
            [
                1024.0877685546875,
                0.0,
                601.8067016601562
            ],
            [
                0.0,
                1023.894775390625,
                508.1316833496094
            ],
            [
                0.0,
                0.0,
                1.0
            ]
        ],
        "KR":[
            [
                1024.1983642578125,
                0.0,
                696.7504272460938
            ],
            [
                0.0,
                1023.9874877929688,
                507.4942626953125
            ],
            [
                0.0,
                0.0,
                1.0
            ]
        ],
        "R":[
            [
                0.9999994039535522,
                -1.2409035434757243e-06,
                -0.0011114212684333324
            ],
            [
                1.292630486204871e-06,
                1.0,
                4.6540535549866036e-05
            ],
            [
                0.0011114212684333324,
                -4.654194344766438e-05,
                0.9999994039535522
            ]
        ],
        "T":[
            [
                -4.348184585571289
            ],
            [
                0.02836030162870884
            ],
            [
                -0.0009009637287817895
            ]
        ]
    },
    "camera-pose":[
        [
            0.9999900106040559,
            0.004487086939859032,
            -0.0003752114839934372,
            -0.0569487561701294
        ],
        [
            -0.004486821008850922,
            0.9999898859712172,
            0.0007311420771833348,
            0.059623337204357085
        ],
        [
            0.0003785372079878774,
            -0.0007294342406923857,
            0.999999760408238,
            0.01572035765070723
        ],
        [
            0.0,
            0.0,
            0.0,
            1.0
        ]
    ],
    "timestamp":1566350071557156
}